run_id,mode,algorithm,backend,threads,base_n,query_n,k,nlist,nprobe,p,recall,latency_us,speedup,build_ms,notes
20260602_194558,official,mpi_ivf,mpi,1,100000,2000,10,128,32,1500,0.99645,418.125,0,222.255,mpi_ivf: np=8; shard_begin_rank0=0; shard_count_rank0=12500; gather_merge_avg_us=45.819402; base_sharded=yes
20260603_085539,official,mpi_ivf,mpi,1,100000,2000,10,128,32,1500,0.9952,3546.29,0,948.904,mpi_ivf: np=1; shard_begin_rank0=0; shard_count_rank0=100000; gather_merge_avg_us=3.6081076; base_sharded=yes
20260603_090534,official,mpi_ivf,mpi,1,100000,2000,10,128,32,1500,0.9952,3990.0945,0,946.653,mpi_ivf: np=1; shard_begin_rank0=0; shard_count_rank0=100000; gather_merge_avg_us=3.7623644; base_sharded=yes
20260603_090549,official,mpi_ivf,mpi,1,100000,2000,10,128,32,1500,0.99585,1699.736,0,551.225,mpi_ivf: np=2; shard_begin_rank0=0; shard_count_rank0=50000; gather_merge_avg_us=54.050326; base_sharded=yes
20260603_090604,official,mpi_ivf,mpi,1,100000,2000,10,128,32,1500,0.996,777.9475,0,321.554,mpi_ivf: np=4; shard_begin_rank0=0; shard_count_rank0=25000; gather_merge_avg_us=15.451789; base_sharded=yes
20260603_090619,official,mpi_ivf,mpi,1,100000,2000,10,128,32,1500,0.99645,397.209,0,221.383,mpi_ivf: np=8; shard_begin_rank0=0; shard_count_rank0=12500; gather_merge_avg_us=59.745193; base_sharded=yes
20260603_090636,official,mpi_ivf,mpi,1,100000,2000,10,128,32,1500,0.99645,427.4725,0,221.174,mpi_ivf: np=8; shard_begin_rank0=0; shard_count_rank0=12500; gather_merge_avg_us=110.82673; base_sharded=yes
20260603_090650,official,mpi_ivf_omp,mpi_openmp,2,100000,2000,10,128,32,1500,0.99645,988.299,0,223.221,mpi_ivf: np=8; shard_begin_rank0=0; shard_count_rank0=12500; gather_merge_avg_us=69.631696; base_sharded=yes
20260603_090705,official,mpi_ivf_omp,mpi_openmp,4,100000,2000,10,128,32,1500,0.996,993.676,0,321.346,mpi_ivf: np=4; shard_begin_rank0=0; shard_count_rank0=25000; gather_merge_avg_us=70.344329; base_sharded=yes
20260603_090721,official,mpi_ivf_omp,mpi_openmp,8,100000,2000,10,128,32,1500,0.99585,1433.382,0,550.23,mpi_ivf: np=2; shard_begin_rank0=0; shard_count_rank0=50000; gather_merge_avg_us=27.305722; base_sharded=yes
20260603_090736,official,mpi_ivf_pthread,mpi_pthread,2,100000,2000,10,128,32,1500,0.99645,1062.182,0,228.83,mpi_ivf: np=8; shard_begin_rank0=0; shard_count_rank0=12500; gather_merge_avg_us=175.3093; base_sharded=yes
20260603_090751,official,mpi_ivf_pthread,mpi_pthread,4,100000,2000,10,128,32,1500,0.996,1082.3725,0,329.15,mpi_ivf: np=4; shard_begin_rank0=0; shard_count_rank0=25000; gather_merge_avg_us=30.804992; base_sharded=yes
20260603_090806,official,mpi_ivf_pthread,mpi_pthread,8,100000,2000,10,128,32,1500,0.99585,1377.6315,0,542.905,mpi_ivf: np=2; shard_begin_rank0=0; shard_count_rank0=50000; gather_merge_avg_us=106.56381; base_sharded=yes
20260603_090821,official,mpi_ivf,mpi,1,100000,2000,10,128,8,1500,0.94555,128.525,0,221.579,mpi_ivf: np=8; shard_begin_rank0=0; shard_count_rank0=12500; gather_merge_avg_us=24.11592; base_sharded=yes
20260603_090836,official,mpi_ivf,mpi,1,100000,2000,10,128,16,1500,0.98295,198.231,0,220.903,mpi_ivf: np=8; shard_begin_rank0=0; shard_count_rank0=12500; gather_merge_avg_us=26.663065; base_sharded=yes
20260603_090851,official,mpi_ivf,mpi,1,100000,2000,10,128,64,1500,0.99985,735.484,0,222.094,mpi_ivf: np=8; shard_begin_rank0=0; shard_count_rank0=12500; gather_merge_avg_us=42.475581; base_sharded=yes
20260603_090906,official,mpi_ivf,mpi,1,100000,2000,10,64,32,1500,0.99895,798.143,0,113.724,mpi_ivf: np=8; shard_begin_rank0=0; shard_count_rank0=12500; gather_merge_avg_us=111.75025; base_sharded=yes
20260603_090921,official,mpi_ivf,mpi,1,100000,2000,10,256,32,1500,0.9892,225.1265,0,458.58,mpi_ivf: np=8; shard_begin_rank0=0; shard_count_rank0=12500; gather_merge_avg_us=27.245641; base_sharded=yes
20260603_090936,official,mpi_ivf,mpi,1,100000,2000,10,128,32,1500,0.99645,373.714,0,222.139,mpi_ivf: np=8; shard_begin_rank0=0; shard_count_rank0=12500; gather_merge_avg_us=37.308812; base_sharded=yes
20260603_090951,official,mpi_ivf,mpi,1,100000,2000,10,128,32,1500,0.99645,429.082,0,222.937,mpi_ivf: np=8; shard_begin_rank0=0; shard_count_rank0=12500; gather_merge_avg_us=101.0623; base_sharded=yes
20260603_091837,official,mpi_ivf,mpi,1,100000,2000,10,128,32,1500,0.9972,265.7525,0,155.983,mpi_ivf: np=16; shard_begin_rank0=0; shard_count_rank0=6250; gather_merge_avg_us=78.457236; base_sharded=yes
20260603_101232,official,mpi_hnsw_shard,mpi,1,100000,2000,10,0,80,100,0.98515,418.0065,0,46611.41,mpi_hnsw_shard: np=1; shard_begin_rank0=0; shard_count_rank0=100000; gather_merge_avg_us=0.81813335; base_sharded=yes; graph=sharded_hnsw; M=16; efConstruction=100; efSearch=80
20260603_101340,official,mpi_hnsw_shard,mpi,1,100000,2000,10,0,80,100,0.99295,346.1285,0,19145.258,mpi_hnsw_shard: np=2; shard_begin_rank0=0; shard_count_rank0=50000; gather_merge_avg_us=5.9716702; base_sharded=yes; graph=sharded_hnsw; M=16; efConstruction=100; efSearch=80
20260603_101417,official,mpi_hnsw_shard,mpi,1,100000,2000,10,0,80,100,0.99705,288.5705,0,8252.666,mpi_hnsw_shard: np=4; shard_begin_rank0=0; shard_count_rank0=25000; gather_merge_avg_us=22.018552; base_sharded=yes; graph=sharded_hnsw; M=16; efConstruction=100; efSearch=80
20260603_101431,official,mpi_hnsw_shard,mpi,1,100000,2000,10,0,80,100,0.99895,244.002,0,3548.163,mpi_hnsw_shard: np=8; shard_begin_rank0=0; shard_count_rank0=12500; gather_merge_avg_us=8.5338354; base_sharded=yes; graph=sharded_hnsw; M=16; efConstruction=100; efSearch=80
20260603_101442,official,mpi_hnsw_shard,mpi,1,100000,2000,10,0,80,100,0.9996,263.872,0,1564.642,mpi_hnsw_shard: np=16; shard_begin_rank0=0; shard_count_rank0=6250; gather_merge_avg_us=43.479443; base_sharded=yes; graph=sharded_hnsw; M=16; efConstruction=100; efSearch=80
20260603_101451,official,mpi_hnsw_shard,mpi,1,100000,2000,10,0,40,100,0.9945,156.285,0,3586.324,mpi_hnsw_shard: np=8; shard_begin_rank0=0; shard_count_rank0=12500; gather_merge_avg_us=11.268854; base_sharded=yes; graph=sharded_hnsw; M=16; efConstruction=100; efSearch=40
20260603_101501,official,mpi_hnsw_shard,mpi,1,100000,2000,10,0,120,100,0.99965,298.2955,0,3518.023,mpi_hnsw_shard: np=8; shard_begin_rank0=0; shard_count_rank0=12500; gather_merge_avg_us=10.340571; base_sharded=yes; graph=sharded_hnsw; M=16; efConstruction=100; efSearch=120
20260603_101512,official,mpi_hnsw_shard,mpi,1,100000,2000,10,0,200,100,0.99975,438.3185,0,3424.158,mpi_hnsw_shard: np=8; shard_begin_rank0=0; shard_count_rank0=12500; gather_merge_avg_us=30.890226; base_sharded=yes; graph=sharded_hnsw; M=16; efConstruction=100; efSearch=200
20260603_101522,official,mpi_ivf_hnsw,mpi,1,100000,2000,10,128,8,80,0.94555,335.1535,0,1131.133,mpi_ivf_hnsw: np=8; shard_begin_rank0=0; shard_count_rank0=12500; gather_merge_avg_us=14.516354; base_sharded=yes; graph=ivf_hnsw; nlist=128; nprobe=8; non_empty_lists_rank0=128; M=16; efConstruction=100; efSearch=80
20260603_101527,official,mpi_ivf_hnsw,mpi,1,100000,2000,10,128,16,80,0.98295,677.5125,0,849.044,mpi_ivf_hnsw: np=8; shard_begin_rank0=0; shard_count_rank0=12500; gather_merge_avg_us=54.165006; base_sharded=yes; graph=ivf_hnsw; nlist=128; nprobe=16; non_empty_lists_rank0=128; M=16; efConstruction=100; efSearch=80
20260603_101532,official,mpi_ivf_hnsw,mpi,1,100000,2000,10,128,32,80,0.99645,1303.206,0,846.456,mpi_ivf_hnsw: np=8; shard_begin_rank0=0; shard_count_rank0=12500; gather_merge_avg_us=36.279678; base_sharded=yes; graph=ivf_hnsw; nlist=128; nprobe=32; non_empty_lists_rank0=128; M=16; efConstruction=100; efSearch=80
20260603_101542,official,mpi_ivf_hnsw,mpi,1,100000,2000,10,128,16,40,0.9828,556.77,0,857.391,mpi_ivf_hnsw: np=8; shard_begin_rank0=0; shard_count_rank0=12500; gather_merge_avg_us=10.590553; base_sharded=yes; graph=ivf_hnsw; nlist=128; nprobe=16; non_empty_lists_rank0=128; M=16; efConstruction=100; efSearch=40
20260603_101547,official,mpi_ivf_hnsw,mpi,1,100000,2000,10,128,16,120,0.98295,718.0965,0,843.887,mpi_ivf_hnsw: np=8; shard_begin_rank0=0; shard_count_rank0=12500; gather_merge_avg_us=13.784409; base_sharded=yes; graph=ivf_hnsw; nlist=128; nprobe=16; non_empty_lists_rank0=128; M=16; efConstruction=100; efSearch=120
20260603_101553,official,mpi_ivf_hnsw_omp,mpi_openmp,2,100000,2000,10,128,16,80,0.98295,1282.872,0,1229.406,mpi_ivf_hnsw_omp: np=8; shard_begin_rank0=0; shard_count_rank0=12500; gather_merge_avg_us=17.522216; base_sharded=yes; graph=ivf_hnsw; nlist=128; nprobe=16; non_empty_lists_rank0=128; M=16; efConstruction=100; efSearch=80
20260603_101604,official,mpi_ivf_hnsw_omp,mpi_openmp,4,100000,2000,10,128,16,80,0.9822,1324.4155,0,1731.823,mpi_ivf_hnsw_omp: np=4; shard_begin_rank0=0; shard_count_rank0=25000; gather_merge_avg_us=97.395182; base_sharded=yes; graph=ivf_hnsw; nlist=128; nprobe=16; non_empty_lists_rank0=128; M=16; efConstruction=100; efSearch=80
20260603_101613,official,mpi_hnsw_router,mpi,1,100000,2000,10,32,4,80,0.14275,136.274,0,2567.869,mpi_hnsw_router: np=8; shard_begin_rank0=0; shard_count_rank0=12500; gather_merge_avg_us=16.768813; base_sharded=yes; graph=hnsw_on_hnsw_router; parts_per_rank=4; router_probe=4; total_router_parts=32; M=16; efConstruction=100; efSearch=80
20260603_101623,official,mpi_hnsw_router,mpi,1,100000,2000,10,32,8,80,0.28115001,229.7275,0,2544.175,mpi_hnsw_router: np=8; shard_begin_rank0=0; shard_count_rank0=12500; gather_merge_avg_us=9.116888; base_sharded=yes; graph=hnsw_on_hnsw_router; parts_per_rank=4; router_probe=8; total_router_parts=32; M=16; efConstruction=100; efSearch=80
20260603_101633,official,mpi_hnsw_router,mpi,1,100000,2000,10,32,16,80,0.52690001,413.027,0,2544.766,mpi_hnsw_router: np=8; shard_begin_rank0=0; shard_count_rank0=12500; gather_merge_avg_us=18.340468; base_sharded=yes; graph=hnsw_on_hnsw_router; parts_per_rank=4; router_probe=16; total_router_parts=32; M=16; efConstruction=100; efSearch=80
20260603_101644,official,mpi_hnsw_router,mpi,1,100000,2000,10,32,32,80,0.99985,806.621,0,2558.707,mpi_hnsw_router: np=8; shard_begin_rank0=0; shard_count_rank0=12500; gather_merge_avg_us=48.427463; base_sharded=yes; graph=hnsw_on_hnsw_router; parts_per_rank=4; router_probe=32; total_router_parts=32; M=16; efConstruction=100; efSearch=80
20260603_101653,official,mpi_hnsw_router,mpi,1,100000,2000,10,16,16,80,0.9996,974.1415,0,6026.952,mpi_hnsw_router: np=4; shard_begin_rank0=0; shard_count_rank0=25000; gather_merge_avg_us=64.074039; base_sharded=yes; graph=hnsw_on_hnsw_router; parts_per_rank=4; router_probe=16; total_router_parts=16; M=16; efConstruction=100; efSearch=80
20260603_101710,official,mpi_hnsw_router,mpi,1,100000,2000,10,64,16,80,0.29010001,246.281,0,1020.528,mpi_hnsw_router: np=16; shard_begin_rank0=0; shard_count_rank0=6250; gather_merge_avg_us=45.915842; base_sharded=yes; graph=hnsw_on_hnsw_router; parts_per_rank=4; router_probe=16; total_router_parts=64; M=16; efConstruction=100; efSearch=80
